{
  "innovation_history_high": {
    "KMIA": [
      -0.08535713629362363,
      -0.08535713629360941
    ],
    "KFLL": [
      0.0240870360441221,
      0.0240870360441221
    ]
  },
  "innovation_history_low": {
    "KMIA": [
      -22.085357136293624,
      -21.08535713629361
    ],
    "KFLL": [
      -21.975912963955878,
      -20.975912963955878
    ]
  },
  "initial_r_estimates": {
    "KMIA": 0.5,
    "KFLL": 0.5,
    "KOPF": 0.5,
    "KTMB": 0.5,
    "KHWO": 0.5,
    "KHST": 0.5,
    "KFXE": 0.5,
    "KPMP": 0.5,
    "KBCT": 0.5,
    "KPBI": 0.5,
    "FAWN440": 1.0,
    "FAWN420": 1.0,
    "FAWN425": 1.0,
    "FAWN410": 1.0
  },
  "n_settlements": 2
}