{
  "regimes": [
    {
      "name": "advective_cooling",
      "A": [
        [
          0.7768546833200586,
          0.03333078441510566,
          0.415133219806029,
          1.8377011057421015,
          0.42740484373387505
        ],
        [
          -0.09937295318041989,
          0.9416999353372137,
          0.7684313706813075,
          2.2764001002354592,
          0.19634734812483381
        ],
        [
          0.053350438625944,
          -0.037710550898236356,
          0.705451302230659,
          -0.2222997413379573,
          -0.033828147567526105
        ],
        [
          -0.037333256789317225,
          0.015572749526422368,
          0.039396116886318534,
          0.48856675226132806,
          -0.3213776675361887
        ],
        [
          -0.006606361212236189,
          -0.010180029525184268,
          0.01824300097999385,
          -0.599853488214749,
          0.16244515776631932
        ]
      ],
      "b": [
        -409.9358812397666,
        -771.5665513660261,
        298.52957431564334,
        -38.611346859267776,
        -17.223401719731584
      ],
      "Q": [
        [
          5.6469441474384805,
          4.855672534114301,
          -1.0531871529783166,
          0.2086704455779708,
          -0.3972954290155756
        ],
        [
          4.855672534114301,
          5.401404764108579,
          -1.0524339934642337,
          0.2643328151209145,
          -0.4031924805272844
        ],
        [
          -1.0531871529783166,
          -1.0524339934642337,
          0.5072067958406484,
          -0.11711762941354667,
          0.11433465182241825
        ],
        [
          0.2086704455779708,
          0.2643328151209145,
          -0.11711762941354667,
          0.13878230926540114,
          0.03813198886195672
        ],
        [
          -0.3972954290155756,
          -0.4031924805272844,
          0.11433465182241825,
          0.03813198886195672,
          0.19645333353258682
        ]
      ],
      "R": [
        [
          12.6415625,
          0.0,
          0.0,
          0.0,
          0.0
        ],
        [
          0.0,
          24.954583333333343,
          0.0,
          0.0,
          0.0
        ],
        [
          0.0,
          0.0,
          0.5168812500000046,
          0.0,
          0.0
        ],
        [
          0.0,
          0.0,
          0.0,
          0.11159730134104612,
          0.0
        ],
        [
          0.0,
          0.0,
          0.0,
          0.0,
          0.20364875182295203
        ]
      ],
      "self_transition_prob": 0.911111111111111,
      "mu_shift_high": 0.1552,
      "mu_shift_low": -0.318,
      "sigma_scale_high": 0.9925,
      "sigma_scale_low": 1.0,
      "active_families": [
        "postfrontal_persistence",
        "extreme_lock",
        "boundary_break",
        "new_family_proposed"
      ]
    },
    {
      "name": "daytime_rebound_with_midday_high_lock",
      "A": [
        [
          1.0,
          0.0,
          0.0,
          0.0,
          0.0
        ],
        [
          0.0,
          1.0,
          0.0,
          0.0,
          0.0
        ],
        [
          0.0,
          0.0,
          1.0,
          0.0,
          0.0
        ],
        [
          0.0,
          0.0,
          0.0,
          1.0,
          0.0
        ],
        [
          0.0,
          0.0,
          0.0,
          0.0,
          1.0
        ]
      ],
      "b": [
        0.0,
        0.0,
        0.0,
        0.0,
        0.0
      ],
      "Q": [
        [
          3.0,
          0.0,
          0.0,
          0.0,
          0.0
        ],
        [
          0.0,
          3.0,
          0.0,
          0.0,
          0.0
        ],
        [
          0.0,
          0.0,
          0.8,
          0.0,
          0.0
        ],
        [
          0.0,
          0.0,
          0.0,
          0.15,
          0.0
        ],
        [
          0.0,
          0.0,
          0.0,
          0.0,
          0.15
        ]
      ],
      "R": [
        [
          0.5,
          0.0,
          0.0,
          0.0,
          0.0
        ],
        [
          0.0,
          0.5,
          0.0,
          0.0,
          0.0
        ],
        [
          0.0,
          0.0,
          0.2,
          0.0,
          0.0
        ],
        [
          0.0,
          0.0,
          0.0,
          0.05,
          0.0
        ],
        [
          0.0,
          0.0,
          0.0,
          0.0,
          0.05
        ]
      ],
      "self_transition_prob": 0.85,
      "mu_shift_high": 0.0,
      "mu_shift_low": 0.0,
      "sigma_scale_high": 1.0,
      "sigma_scale_low": 1.0,
      "active_families": []
    },
    {
      "name": "delayed_diurnal_rebound_with_afternoon_high_lock",
      "A": [
        [
          1.0,
          0.0,
          0.0,
          0.0,
          0.0
        ],
        [
          0.0,
          1.0,
          0.0,
          0.0,
          0.0
        ],
        [
          0.0,
          0.0,
          1.0,
          0.0,
          0.0
        ],
        [
          0.0,
          0.0,
          0.0,
          1.0,
          0.0
        ],
        [
          0.0,
          0.0,
          0.0,
          0.0,
          1.0
        ]
      ],
      "b": [
        0.0,
        0.0,
        0.0,
        0.0,
        0.0
      ],
      "Q": [
        [
          3.0,
          0.0,
          0.0,
          0.0,
          0.0
        ],
        [
          0.0,
          3.0,
          0.0,
          0.0,
          0.0
        ],
        [
          0.0,
          0.0,
          0.8,
          0.0,
          0.0
        ],
        [
          0.0,
          0.0,
          0.0,
          0.15,
          0.0
        ],
        [
          0.0,
          0.0,
          0.0,
          0.0,
          0.15
        ]
      ],
      "R": [
        [
          0.5,
          0.0,
          0.0,
          0.0,
          0.0
        ],
        [
          0.0,
          0.5,
          0.0,
          0.0,
          0.0
        ],
        [
          0.0,
          0.0,
          0.2,
          0.0,
          0.0
        ],
        [
          0.0,
          0.0,
          0.0,
          0.05,
          0.0
        ],
        [
          0.0,
          0.0,
          0.0,
          0.0,
          0.05
        ]
      ],
      "self_transition_prob": 0.85,
      "mu_shift_high": 0.0,
      "mu_shift_low": 0.0,
      "sigma_scale_high": 1.0,
      "sigma_scale_low": 1.0,
      "active_families": []
    },
    {
      "name": "frontal_passage",
      "A": [
        [
          1.0,
          0.0,
          0.0,
          0.0,
          0.0
        ],
        [
          0.0,
          1.0,
          0.0,
          0.0,
          0.0
        ],
        [
          0.0,
          0.0,
          1.0,
          0.0,
          0.0
        ],
        [
          0.0,
          0.0,
          0.0,
          1.0,
          0.0
        ],
        [
          0.0,
          0.0,
          0.0,
          0.0,
          1.0
        ]
      ],
      "b": [
        0.0,
        0.0,
        0.0,
        0.0,
        0.0
      ],
      "Q": [
        [
          3.0,
          0.0,
          0.0,
          0.0,
          0.0
        ],
        [
          0.0,
          3.0,
          0.0,
          0.0,
          0.0
        ],
        [
          0.0,
          0.0,
          0.8,
          0.0,
          0.0
        ],
        [
          0.0,
          0.0,
          0.0,
          0.15,
          0.0
        ],
        [
          0.0,
          0.0,
          0.0,
          0.0,
          0.15
        ]
      ],